x,y,freq,amp
0,20.000000000000004,4,9
0.004002668445630421,20.110161915365673,4,9
0.008005336891260841,20.11775476952926,4,9
0.012008005336891262,20.021708194271895,4,9
0.016010673782521682,19.8218384472103,4,9
0.020013342228152105,19.51885336531708,4,9
0.024016010673782524,19.11434791563347,4,9
0.028018679119412943,18.61079036176953,4,9
0.032021347565043365,18.01149917332263,4,9
0.03602401601067379,17.32061091268569,4,9
0.04002668445630421,16.543039438553283,4,9
0.044029352901934625,15.684426866491451,4,9
0.04803202134756505,14.75108682298353,4,9
0.05203468979319547,13.749940619226258,4,9
0.056037358238825885,12.688447053532773,4,9
0.06004002668445631,11.57452662549116,4,9
0.06404269513008673,10.416481010123572,4,9
0.06804536357571715,9.222908695396049,4,9
0.07204803202134757,8.002617730871755,4,9
0.076050700466978,6.764536568539128,4,9
0.08005336891260842,5.5176239984789754,4,9
0.08405603735823883,4.270779191800485,4,9
0.08805870580386925,3.0327528610597008,4,9
0.09206137424949967,1.8120605342100522,4,9
0.0960640426951301,0.6168989122004733,4,9
0.10006671114076052,-0.5449337570435202,4,9
0.10406937958639094,-1.6661124038831394,4,9
0.10807204803202136,-2.739854135850129,4,9
0.11207471647765177,-3.759980752937351,4,9
0.11607738492328219,-4.720974099316188,4,9
0.12008005336891261,-5.6180236566079484,4,9
0.12408272181454304,-6.447065875780001,4,9
0.12808539026017346,-7.204814842392653,4,9
0.13208805870580387,-7.888783972103181,4,9
0.1360907271514343,-8.497298538796736,4,9
0.1400933955970647,-9.029498945184892,4,9
0.14409606404269515,-9.485334753892833,4,9
0.14809873248832556,-9.865549604644624,4,9
0.152101400933956,-10.171657248863525,4,9
0.1561040693795864,-10.405909035568653,4,9
0.16010673782521684,-10.571253280652273,4,9
0.16410940627084725,-10.671287044304036,4,9
0.16811207471647766,-10.710200927420955,4,9
0.1721147431621081,-10.69271757630377,4,9
0.1761174116077385,-10.624024654884895,4,9
0.18012008005336894,-10.509703104365359,4,9
0.18412274849899934,-10.355651560777448,4,9
0.18812541694462978,-10.168007841081389,4,9
0.1921280853902602,-9.9530684375262,4,9
0.1961307538358906,-9.717206977867372,4,9
0.20013342228152103,-9.466792615490165,4,9
0.20413609072715144,-9.208109308523776,4,9
0.20813875917278188,-8.947276930779932,4,9
0.2121414276184123,-8.690175130071573,4,9
0.21614409606404272,-8.442370811559552,4,9
0.22014676450967313,-8.209050075760983,4,9
0.22414943295530354,-7.99495538336996,4,9
0.22815210140093398,-7.804328652842295,4,9
0.23215476984656438,-7.640860922629188,4,9
0.23615743829219482,-7.507649128949417,4,9
0.24016010673782523,-7.407160463079613,4,9
0.24416277518345567,-7.341204680396075,4,9
0.24816544362908607,-7.310914637945311,4,9
0.2521681120747165,-7.316735239317635,4,9
0.2561707805203469,-7.358420866229657,4,9
0.2601734489659773,-7.435041276678148,4,9
0.26417611741160774,-7.544995850987379,4,9
0.2681787858572382,-7.68603597069328,4,9
0.2721814543028686,-7.8552952221092855,4,9
0.276184122748499,-8.049327027671293,4,9
0.2801867911941294,-8.264149224768728,4,9
0.2841894596397599,-8.495295034669057,4,9
0.2881921280853903,-8.73786979418025,4,9
0.2921947965310207,-8.986612760625121,4,9
0.2961974649766511,-9.235963247171535,4,9
0.3002001334222815,-9.480130301118166,4,9
0.304202801867912,-9.713165102800415,4,9
0.3082054703135424,-9.929035237668161,4,9
0.3122081387591728,-10.121699978982903,4,9
0.3162108072048032,-10.285185713553137,4,9
0.3202134756504337,-10.413660647923809,4,9
0.3242161440960641,-10.501507947282713,4,9
0.3282188125416945,-10.543396483761438,4,9
0.3322214809873249,-10.534348404393269,4,9
0.3362241494329553,-10.469802771246526,4,9
0.3402268178785858,-10.345674576586587,4,9
0.3442294863242162,-10.158408493647942,4,9
0.3482321547698466,-9.9050267879631,4,9
0.352234823215477,-9.58317088436881,4,9
0.3562374916611074,-9.191136159908986,4,9
0.3602401601067379,-8.727899611950782,4,9
0.3642428285523683,-8.193140132962323,4,9
0.3682454969979987,-7.587251207587745,4,9
0.3722481654436291,-6.911345932904099,4,9
0.37625083388925956,-6.167254348069883,4,9
0.38025350233488997,-5.3575131440014605,4,9
0.3842561707805204,-4.485347906296634,4,9
0.3882588392261508,-3.5546481244538914,4,9
0.3922615076717812,-2.569935276649821,4,9
0.39626417611741166,-1.5363243711303434,4,9
0.40026684456304207,-0.4594793919038645,4,9
0.4042695130086725,0.6544368427707786,4,9
0.4082721814543029,1.7988178462193687,4,9
0.41227484989993335,2.9666730431584494,4,9
0.41627751834556376,4.1506911129836155,4,9
0.42028018679119417,5.343306413568821,4,9
0.4242828552368246,6.536767778008555,4,9
0.428285523682455,7.723208960153729,4,9
0.43228819212808545,8.89471999626944,4,9
0.43629086057371586,10.04341874962427,4,9
0.44029352901934626,11.161521912164682,4,9
0.44429619746497667,12.241414752404763,4,9
0.4482988659106071,13.275718920963543,4,9
0.45230153435623754,14.257357654420893,4,9
0.45630420280186795,15.179617753886095,4,9
0.46030687124749836,16.03620775636193,4,9
0.46430953969312877,16.821311764069314,4,9
0.46831220813875923,17.52963844875511,4,9
0.47231487658438964,18.156464803980473,4,9
0.47631754503002005,18.697674277792423,4,9
0.48032021347565046,19.149788980309065,4,9
0.48432288192128087,19.509995724878106,4,9
0.48832555036691133,19.776165726876947,4,9
0.49232821881254174,19.946867850187367,4,9
0.49633088725817215,20.021375357197623,4,9
0.5003335557038026,19.999666183167943,4,9
0.504336224149433,19.88241681928785,4,9
0.5083388925950634,19.670989950129098,4,9
0.5123415610406938,19.36741604987279,4,9
0.5163442294863243,18.974369197125085,4,9
0.5203468979319547,18.495137419844948,4,9
0.5243495663775851,17.933587929454045,4,9
0.5283522348232155,17.294127646206753,4,9
0.5323549032688459,16.581659456047337,4,9
0.5363575717144764,15.801534672215787,4,9
0.5403602401601068,14.959502202584174,4,9
0.5443629086057372,14.061654945978246,4,9
0.5483655770513676,13.114373957487443,4,9
0.552368245496998,12.124270933974815,4,9
0.5563709139426285,11.098129576706606,4,9
0.5603735823882589,10.042846388322122,4,9
0.5643762508338893,8.965371456405808,4,9
0.5683789192795198,7.872649765895226,4,9
0.5723815877251501,6.771563567695187,4,9
0.5763842561707806,5.668876311448339,4,9
0.580386924616411,4.57117862673956,4,9
0.5843895930620414,3.484836809426291,4,9
0.5883922615076719,2.4159442386535233,4,9
0.5923949299533022,1.3702761158099632,4,9
0.5963975983989327,0.35324787961371823,4,9
0.600400266844563,-0.6301223879130938,4,9
0.6044029352901935,-1.5752472911957371,4,9
0.608405603735824,-2.4779989560985105,4,9
0.6124082721814543,-3.334733183688368,4,9
0.6164109406270848,-4.142308781021536,4,9
0.6204136090727151,-4.8981019722322365,4,9
0.6244162775183456,-5.6000158381524585,4,9
0.6284189459639761,-6.246484777189751,4,9
0.6324216144096064,-6.836474023887979,4,9
0.6364242828552369,-7.36947430415718,4,9
0.6404269513008674,-7.845491747272618,4,9
0.6444296197464977,-8.265033214122022,4,9
0.6484322881921282,-8.629087238556265,4,9
0.6524349566377585,-8.939100813832841,4,9
0.656437625083389,-9.19695228881723,4,9
0.6604402935290195,-9.404920668631078,4,9
0.6644429619746498,-9.565651641642695,4,9
0.6684456304202803,-9.682120678940702,4,9
0.6724482988659106,-9.757593573595951,4,9
0.6764509673115411,-9.79558480500487,4,9
0.6804536357571715,-9.799814128342984,4,9
0.6844563042028019,-9.774161800590333,4,9
0.6884589726484324,-9.722622862685931,4,9
0.6924616410940627,-9.649260902115616,4,9
0.6964643095396932,-9.558161721642817,4,9
0.7004669779853236,-9.453387337979354,4,9
0.704469646430954,-9.338930729003835,4,9
0.7084723148765845,-9.218671739731732,4,9
0.7124749833222148,-9.09633454569293,4,9
0.7164776517678453,-8.975447057775307,4,9
0.7204803202134757,-8.859302635049533,4,9
0.7244829886591061,-8.750924451724332,4,9
0.7284856571047366,-8.653032841326244,4,9
0.732488325550367,-8.568015915606765,4,9
0.7364909939959974,-8.49790372771651,4,9
0.7404936624416278,-8.444346219028475,4,9
0.7444963308872582,-8.408595156838372,4,9
0.7484989993328887,-8.391490236222324,4,9
0.7525016677785191,-8.393449483816285,4,9
0.7565043362241495,-8.414464064429843,4,9
0.7605070046697799,-8.454097553470042,4,9
0.7645096731154103,-8.511489699387072,4,9
0.7685123415610408,-8.585364661037918,4,9
0.7725150100066712,-8.674043665278651,4,9
0.7765176784523016,-8.775461990534993,4,9
0.780520346897932,-8.887190142866444,4,9
0.7845230153435624,-9.006459052440402,4,9
0.7885256837891929,-9.130189080684122,4,9
0.7925283522348233,-9.25502259200149,4,9
0.7965310206804537,-9.377359809147006,4,9
0.8005336891260841,-9.493397638458413,4,9
0.8045363575717145,-9.599171120474688,4,9
0.808539026017345,-9.690597133313767,4,9
0.8125416944629754,-9.763519950849455,4,9
0.8165443629086058,-9.81375823549261,4,9
0.8205470313542362,-9.837153026512823,4,9
0.8245496997998667,-9.829616269579551,4,9
0.828552368245497,-9.787179421778365,4,9
0.8325550366911275,-9.706041658964338,4,9
0.8365577051367579,-9.582617209116481,4,9
0.8405603735823883,-9.413581336487724,4,9
0.8445630420280188,-9.195914506900799,4,9
0.8485657104736491,-8.92694427458087,4,9
0.8525683789192796,-8.60438444545733,4,9
0.85657104736491,-8.226371090886314,4,9
0.8605737158105404,-7.791495009170341,4,9
0.8645763842561709,-7.298830259969216,4,9
0.8685790527018012,-6.747958428542588,4,9
0.8725817211474317,-6.1389883125337255,4,9
0.8765843895930621,-5.472570763440047,4,9
0.8805870580386925,-4.749908457719704,4,9
0.884589726484323,-3.9727604183137597,4,9
0.8885923949299533,-3.14344115583222,4,9
0.8925950633755838,-2.2648143493404653,4,9
0.8965977318212142,-1.34028103912894,4,9
0.9006004002668446,-0.37376235756280846,4,9
0.9046030687124751,0.6303231214235896,4,9
0.9086057371581054,1.667087278946264,4,9
0.9126084056037359,2.731205404329172,4,9
0.9166110740493664,3.8169539618040713,4,9
0.9206137424949967,4.918252875820775,4,9
0.9246164109406272,6.028711990158195,4,9
0.9286190793862575,7.141681308768202,4,9
0.932621747831888,8.25030458219872,4,9
0.9366244162775185,9.347575763052902,4,9
0.9406270847231488,10.426397817753859,4,9
0.9446297531687793,11.479643350361187,4,9
0.9486324216144096,12.50021646775445,4,9
0.9526350900600401,13.48111529454081,4,9
0.9566377585056706,14.415494530881714,4,9
0.9606404269513009,15.296727437344122,4,9
0.9646430953969314,16.118466628067605,4,9
0.9686457638425617,16.87470305714749,4,9
0.9726484322881922,17.559822593239524,4,9
0.9766511007338227,18.16865959399535,4,9
0.980653769179453,18.696546914975052,4,9
0.9846564376250835,19.13936181700681,4,9
0.9886591060707139,19.493567271362593,4,9
0.9926617745163443,19.756248203301464,4,9
0.9966644429619748,19.925142261143428,4,9
1.0006671114076051,19.998664749649187,4,9
1.0046697798532356,19.975927422606052,4,9
1.008672448298866,19.85675088960878,4,9
1.0126751167444965,19.64167045547458,4,9
1.0166777851901267,19.331935276891734,4,9
1.0206804536357572,18.92950078908263,4,9
1.0246831220813877,18.437014424738102,4,9
1.0286857905270181,17.857794717500315,4,9
1.0326884589726486,17.19580395207173,4,9
1.0366911274182788,16.45561459182814,4,9
1.0406937958639093,15.642369781843115,4,9
1.0446964643095398,14.761738289723906,4,9
1.0486991327551702,13.819864307865627,4,9
1.0527018012008007,12.823312597940514,4,9
1.056704469646431,11.779009510963373,4,9
1.0607071380920614,10.694180463484004,4,9
1.0647098065376919,9.576284491768154,4,9
1.0687124749833223,8.43294654071781,4,9
1.0727151434289528,7.2718881723023525,4,9
1.076717811874583,6.100857399039749,4,9
1.0807204803202135,4.927558361286143,4,9
1.084723148765844,3.759581572549094,4,9
1.0887258172114744,2.6043354546007174,4,9
1.092728485657105,1.4689798738035043,4,9
1.0967311541027351,0.36036237181758707,4,9
1.1007338225483656,-0.7150422421150111,4,9
1.104736490993996,-1.751188303583798,4,9
1.1087391594396265,-2.742511117039778,4,9
1.112741827885257,-3.68397364576614,4,9
1.1167444963308875,-4.571107575794816,4,9
1.1207471647765177,-5.400048321159497,4,9
1.1247498332221482,-6.167563602332186,4,9
1.1287525016677786,-6.871075298515137,4,9
1.132755170113409,-7.508674346902501,4,9
1.1367578385590396,-8.079128537278455,4,9
1.1407605070046698,-8.581883127549238,4,9
1.1447631754503003,-9.017054284142883,4,9
1.1487658438959307,-9.385415429772069,4,9
1.1527685123415612,-9.688376658950414,4,9
1.1567711807871917,-9.92795745799104,4,9
1.160773849232822,-10.106753040128057,4,9
1.1647765176784524,-10.227894677033294,4,9
1.1687791861240828,-10.295004474540436,4,9
1.1727818545697133,-10.312145102064278,4,9
1.1767845230153438,-10.283765041297283,4,9
1.180787191460974,-10.21463996962648,4,9
1.1847898599066045,-10.109810936753146,4,9
1.188792528352235,-9.974520028714158,4,9
1.1927951967978654,-9.814144241468783,4,9
1.1967978652434959,-9.634128306100056,4,9
1.200800533689126,-9.439917219239563,4,9
1.2048032021347566,-9.236889235418825,4,9
1.208805870580387,-9.030290072629176,4,9
1.2128085390260175,-8.825169068489892,4,9
1.216811207471648,-8.626318002231873,4,9
1.2208138759172782,-8.438213267446693,4,9
1.2248165443629087,-8.264962042572623,4,9
1.2288192128085391,-8.110253060817874,4,9
1.2328218812541696,-7.977312529175007,4,9
1.2368245496998,-7.868865687951804,4,9
1.2408272181454303,-7.78710443849907,4,9
1.2448298865910608,-7.733661398284637,4,9
1.2488325550366912,-7.709590669929139,4,9
1.2528352234823217,-7.715355535113178,4,9
1.2568378919279521,-7.750823206253614,4,9
1.2608405603735824,-7.815266689419494,4,9
1.2648432288192129,-7.907373732023348,4,9
1.2688458972648433,-8.025262749290308,4,9
1.2728485657104738,-8.166505545281748,4,9
1.2768512341561042,-8.328156568217766,4,9
1.2808539026017347,-8.506788366864063,4,9
1.284856571047365,-8.698532845646096,4,9
1.2888592394929954,-8.89912785170079,4,9
1.2928619079386259,-9.103968567993936,4,9
1.2968645763842563,-9.308163133573672,4,9
1.3008672448298868,-9.506591865580415,4,9
1.304869913275517,-9.693969418295817,4,9
1.3088725817211475,-9.864909182710319,4,9
1.312875250166778,-10.013989206150889,4,9
1.3168779186124084,-10.13581889568135,4,9
1.320880587058039,-10.225105761411776,4,9
1.3248832555036691,-10.276721456584335,4,9
1.3288859239492996,-10.285766380295206,4,9
1.33288859239493,-10.247632125828693,4,9
1.3368912608405605,-10.158061082590379,4,9
1.340893929286191,-10.013202532210709,4,9
1.3448965977318212,-9.809664619147455,4,9
1.3488992661774517,-9.54456162256032,4,9
1.3529019346230822,-9.215556008809257,4,9
1.3569046030687126,-8.82089480201746,4,9
1.360907271514343,-8.35943987306071,4,9
1.3649099399599733,-7.830691814366891,4,9
1.3689126084056038,-7.23480713826165,4,9
1.3729152768512343,-6.572608609476686,4,9
1.3769179452968647,-5.845588597018551,4,9
1.3809206137424952,-5.055905406043644,4,9
1.3849232821881254,-4.2063726258561625,4,9
1.388925950633756,-3.300441604807671,4,9
1.3929286190793864,-2.3421772359138813,4,9
1.3969312875250168,-1.3362273076206155,4,9
1.4009339559706473,-0.28778574159618575,4,9
1.4049366244162775,0.7974498970194908,4,9
1.408939292861908,1.9133261724772825,4,9
1.4129419613075385,3.05328633611803,4,9
1.416944629753169,4.210427122496519,4,9
1.4209472981987994,5.377559195552228,4,9
1.4249499666444296,6.547270621063285,4,9
1.42895263509006,7.711992713131436,4,9
1.4329553035356906,8.86406758109883,4,9
1.436957971981321,9.995816689256582,4,9
1.4409606404269515,11.099609735043355,4,9
1.4449633088725817,12.1679331521525,4,9
1.4489659773182122,13.193457552981632,4,9
1.4529686457638427,14.16910344000507,4,9
1.4569713142094731,15.08810453769372,4,9
1.4609739826551036,15.94406812523044,4,9
1.464976651100734,16.73103178510087,4,9
1.4689793195463643,17.44351602323513,4,9
1.4729819879919948,18.076572262239207,4,9
1.4769846564376252,18.625825759839813,4,9
1.4809873248832557,19.087513059382943,4,9
1.4849899933288861,19.4585136374477,4,9
1.4889926617745164,19.736375474710776,4,9
1.4929953302201469,19.919334339445793,4,9
1.4969979986657773,20.0063266377813,4,9
1.5010006671114078,19.996995750374825,4,9
1.5050033355570382,19.891691840799837,4,9
1.5090060040026685,19.69146518600595,4,9
1.513008672448299,19.39805314303692,4,9
1.5170113408939294,19.01386092813659,4,9
1.5210140093395599,18.541936443827378,4,9
1.5250166777851903,17.98593944594194,4,9
1.5290193462308206,17.35010539538724,4,9
1.533022014676451,16.639204388141554,4,9
1.5370246831220815,15.858495601192674,4,9
1.541027351567712,15.013677731436823,4,9
1.5450300200133424,14.11083593865394,4,9
1.5490326884589727,13.156385832285961,4,9
1.5530353569046031,12.15701506467075,4,9
1.5570380253502336,11.119623110482053,4,9
1.561040693795864,10.051259823311197,4,9
1.5650433622414945,8.95906336558477,4,9
1.5690460306871248,7.850198107377787,4,9
1.5730486991327552,6.731793083255278,4,9
1.5770513675783857,5.610881584208581,4,9
1.5810540360240162,4.4943424442492805,4,9
1.5850567044696466,3.3888435585439627,4,9
1.5890593729152769,2.300788142410568,4,9
1.5930620413609073,1.2362642083993154,4,9
1.5970647098065378,0.20099770242534315,4,9
1.6010673782521683,-0.7996903000845549,4,9
1.6050700466977987,-1.7609219803778862,4,9
1.609072715143429,-2.678296433399077,4,9
1.6130753835890594,-3.5479183326749477,4,9
1.61707805203469,-4.366421390484386,4,9
1.6210807204803204,-5.1309864525048425,4,9
1.6250833889259508,-5.839354118766012,4,9
1.6290860573715813,-6.489831835752325,4,9
1.6330887258172115,-7.0812954573790385,4,9
1.637091394262842,-7.613185324842067,4,9
1.6410940627084725,-8.085496966537194,4,9
1.645096731154103,-8.49876656891231,4,9
1.6490993995997334,-8.85405141682499,4,9
1.6531020680453636,-9.152905547325904,4,9
1.657104736490994,-9.39735090340178,4,9
1.6611074049366246,-9.589844313741617,4,9
1.665110073382255,-9.733240660730486,4,9
1.6691127418278855,-9.830752631342872,4,9
1.6731154102735157,-9.8859074741666,4,9
1.6771180787191462,-9.902501210230295,4,9
1.6811207471647767,-9.884550765468319,4,9
1.6851234156104071,-9.83624450840828,4,9
1.6891260840560376,-9.761891687917158,4,9
1.6931287525016678,-9.665871272543113,4,9
1.6971314209472983,-9.5525806951263,4,9
1.7011340893929288,-9.426385003948297,4,9
1.7051367578385592,-9.291566914805687,4,9
1.7091394262841897,-9.152278247124343,4,9
1.71314209472982,-9.01249321170778,4,9
1.7171447631754504,-8.875963998094456,4,9
1.7211474316210809,-8.746179085981538,4,9
1.7251501000667113,-8.626324677974404,4,9
1.7291527685123418,-8.519249620293301,4,9
1.733155436957972,-8.427434144284012,4,9
1.7371581054036025,-8.352962724933912,4,9
1.741160773849233,-8.297501313407668,4,9
1.7451634422948634,-8.262279159221897,4,9
1.7491661107404939,-8.248075394428389,4,9
1.7531687791861241,-8.255210507435569,4,9
1.7571714476317546,-8.283542788244391,4,9
1.761174116077385,-8.3324697802925,4,9
1.7651767845230155,-8.400934727179985,4,9
1.769179452968646,-8.487437955685314,4,9
1.7731821214142762,-8.590053090065673,4,9
1.7771847898599067,-8.706447947064426,4,9
1.7811874583055372,-8.83390991670701,4,9
1.7851901267511676,-8.969375591236174,4,9
1.789192795196798,-9.10946436378643,4,9
1.7931954636424283,-9.250515679984652,4,9
1.7971981320880588,-9.38862958992782,4,9
1.8012008005336893,-9.519710215254522,4,9
1.8052034689793197,-9.639511716594525,4,9
1.8092061374249502,-9.743686320829742,4,9
1.8132088058705806,-9.827833945580315,4,9
1.8172114743162109,-9.887552940368563,4,9
1.8212141427618413,-9.918491450200193,4,9
1.8252168112074718,-9.916398898000176,4,9
1.8292194796531023,-9.877177077573744,4,9
1.8332221480987327,-9.796930348620693,4,9
1.837224816544363,-9.672014429865698,4,9
1.8412274849899934,-9.499083295589237,4,9
1.845230153435624,-9.275133694726346,4,9
1.8492328218812544,-8.997546830173413,4,9
1.8532354903268848,-8.664126758896948,4,9
1.857238158772515,-8.273135100721035,4,9
1.8612408272181455,-7.823321675087435,4,9
1.865243495663776,-7.313950720404234,4,9
1.8692461641094065,-6.744822389547837,4,9
1.873248832555037,-6.116289257354014,4,9
1.8772515010006672,-5.429267621175076,4,9
1.8812541694462976,-4.685243423414858,4,9
1.885256837891928,-3.8862726749688847,4,9
1.8892595063375586,-3.0349763102517597,4,9
1.893262174783189,-2.134529457528388,4,9
1.8972648432288193,-1.1886451620889127,4,9
1.9012675116744497,-0.20155265392180519,4,9
1.9052701801200802,0.8220296945700494,4,9
1.9092728485657107,1.8769265221237854,4,9
1.9132755170113411,2.9575424928809664,4,9
1.9172781854569714,4.057903870723857,4,9
1.9212808539026018,5.171704305273654,4,9
1.9252835223482323,6.2923544361788775,4,9
1.9292861907938628,7.413034880654799,4,9
1.9332888592394932,8.526752131316883,4,9
1.9372915276851235,9.626396857619243,4,9
1.941294196130754,10.704804075056995,4,9
1.9452968645763844,11.754814622075243,4,9
1.9492995330220149,12.769337365668553,4,9
1.9533022014676453,13.741411543210916,4,9
1.9573048699132756,14.664268640350969,4,9
1.961307538358906,15.531393202997295,4,9
1.9653102068045365,16.33658198560574,4,9
1.969312875250167,17.07400084821257,4,9
1.9733155436957974,17.73823883090789,4,9
1.9773182121414279,18.324358856637613,4,9
1.9813208805870581,18.827944541210258,4,9
1.9853235490326886,19.24514262295977,4,9
1.989326217478319,19.572700563407157,4,9
1.9933288859239495,19.807998914142782,4,9
1.99733155436958,19.949078093625552,4,9
2.0013342228152102,19.99465927022643,4,9
2.005336891260841,19.944159104134123,4,9
2.009339559706471,19.797698160151626,4,9
2.0133422281521014,19.556102865360213,4,9
2.017344896597732,19.220900949496617,4,9
2.0213475650433623,18.794310371030786,4,9
2.025350233488993,18.279221797674783,4,9
2.0293529019346233,17.679174775717048,4,9
2.0333555703802535,16.998327787456404,4,9
2.037358238825884,16.24142245942342,4,9
2.0413609072715144,15.413742245323268,4,9
2.045363575717145,14.521065966045118,4,9
2.0493662441627754,13.569616644009873,4,9
2.0533689126084056,12.566006119936178,4,9
2.0573715810540363,11.517175986227217,4,9
2.0613742494996665,10.430335412059689,4,9
2.065376917945297,9.312896470412113,4,9
2.0693795863909275,8.172407606273174,4,9
2.0733822548365577,7.016485907735794,4,9
2.0773849232821884,5.852748857332864,4,9
2.0813875917278186,4.68874624955106,4,9
2.0853902601734493,3.531892961832265,4,9
2.0893929286190795,2.389403260461213,4,9
2.09339559706471,1.2682273095320653,4,9
2.0973982655103405,0.17499053079507984,4,9
2.1014009339559707,-0.8840635652506116,4,9
2.1054036024016014,-1.9031264908723131,4,9
2.1094062708472316,-2.8768732897608738,4,9
2.113408939292862,-3.8005059441213076,4,9
2.1174116077384926,-4.669791233830965,4,9
2.121414276184123,-5.48109265871571,4,9
2.1254169446297535,-6.231396096870794,4,9
2.1294196130753837,-6.9183289376439445,4,9
2.133422281521014,-7.540172496712577,4,9
2.1374249499666447,-8.095867591870226,4,9
2.141427618412275,-8.585013230936582,4,9
2.1454302868579056,-9.007858436814999,4,9
2.149432955303536,-9.3652873083356,4,9
2.153435623749166,-9.658797488333876,4,9
2.1574382921947968,-9.8904722816048,4,9
2.161440960640427,-10.06294673415427,4,9
2.1654436290860577,-10.179368050765362,4,9
2.169446297531688,-10.24335078956521,4,9
2.173448965977318,-10.25892732932207,4,9
2.177451634422949,-10.230494156964912,4,9
2.181454302868579,-10.162754568708012,4,9
2.18545697131421,-10.060658417646493,4,9
2.18945963975984,-9.92933957330608,4,9
2.1934623082054703,-9.774051783994496,4,9
2.197464976651101,-9.600103650608668,4,9
2.201467645096731,-9.412793430582425,4,9
2.205470313542362,-9.217344392777322,4,9
2.209472981987992,-9.018841438285673,4,9
2.2134756504336224,-8.822169688371504,4,9
2.217478318879253,-8.631955719263637,4,9
2.2214809873248833,-8.452512094454807,4,9
2.225483655770514,-8.28778580886793,4,9
2.2294863242161442,-8.141311216116566,4,9
2.233488992661775,-8.016167960583612,4,9
2.237491661107405,-7.914944380718605,4,9
2.2414943295530354,-7.8397067894184485,4,9
2.245496997998666,-7.791974972285848,4,9
2.2494996664442963,-7.772704175675465,4,9
2.253502334889927,-7.782273784511112,4,9
2.2575050033355573,-7.8204828156914665,4,9
2.2615076717811875,-7.886552277326389,4,9
2.265510340226818,-7.979134367907491,4,9
2.2695130086724484,-8.096328413667694,4,9
2.273515677118079,-8.235703367674137,4,9
2.2775183455637094,-8.394326621462966,4,9
2.2815210140093396,-8.568798810076396,4,9
2.2855236824549703,-8.755294224982736,4,9
2.2895263509006005,-8.949606387288627,4,9
2.293529019346231,-9.14719827657936,4,9
2.2975316877918615,-9.343256659279128,4,9
2.3015343562374917,-9.532749915178517,4,9
2.3055370246831224,-9.710488722223703,4,9
2.3095396931287526,-9.871188928223537,4,9
2.3135423615743833,-10.009535914144244,4,9
2.3175450300200136,-10.120249737376303,4,9
2.321547698465644,-10.19815033494578,4,9
2.3255503669112745,-10.238222066170913,4,9
2.3295530353569047,-10.235676881726699,4,9
2.3335557038025354,-10.186015421366397,4,9
2.3375583722481657,-10.085085365470826,4,9
2.341561040693796,-9.929136395875542,4,9
2.3455637091394266,-9.714871158703245,4,9
2.349566377585057,-9.439491665768896,4,9
2.3535690460306875,-9.10074062101803,4,9
2.3575717144763177,-8.696937213833046,4,9
2.361574382921948,-8.227006981261361,4,9
2.3655770513675787,-7.690505405603948,4,9
2.369579719813209,-7.087634981620557,4,9
2.3735823882588396,-6.419255558099782,4,9
2.37758505670447,-5.686887830922525,4,9
2.3815877251501,-4.892709938204588,4,9
2.3855903935957308,-4.039547181838634,4,9
2.389593062041361,-3.1308549729452486,4,9
2.3935957304869917,-2.170695170598732,4,9
2.397598398932622,-1.1637060529363867,4,9
2.401601067378252,-0.1150662266321991,4,9
2.405603735823883,0.9695471559782556,4,9
2.409606404269513,2.084005443779586,4,9
2.413609072715144,3.22178031522411,4,9
2.417611741160774,4.375999856814342,4,9
2.4216144096064043,5.5395083175180595,4,9
2.425617078052035,6.7049289283594105,4,9
2.429619746497665,7.864729146566445,4,9
2.433622414943296,9.011287660742054,4,9
2.437625083388926,10.136962477755697,4,9
2.4416277518345564,11.234159403559131,4,9
2.445630420280187,12.295400228917865,4,9
2.4496330887258173,13.313389937101954,4,9
2.453635757171448,14.281082263753673,4,9
2.4576384256170782,15.191742959245957,4,9
2.4616410940627085,16.039010130604115,4,9
2.465643762508339,16.816951073118172,4,9
2.4696464309539694,17.52011504073898,4,9
2.4736490993996,18.143581448746545,4,9
2.4776517678452303,18.68300305148463,4,9
2.4816544362908606,19.13464369161398,4,9
2.4856571047364913,19.495410274725007,4,9
2.4896597731821215,19.76287868364294,4,9
2.493662441627752,19.93531340967945,4,9
2.4976651100733824,20.011680742753448,4,9
2.5016677785190127,19.991655428030633,4,9
2.5056704469646434,19.875620762812563,4,9
2.5096731154102736,19.66466217315918,4,9
2.5136757838559043,19.36055437446895,4,9
2.5176784523015345,18.965742283315,4,9
2.5216811207471648,18.483315908607292,4,9
2.5256837891927955,17.916979508025413,4,9
2.5296864576384257,17.27101535008036,4,9
2.5336891260840564,16.550242472600864,4,9
2.5376917945296866,15.759970874437029,4,9
2.541694462975317,14.905951618308304,4,9
2.5456971314209476,13.994323358646678,4,9
2.549699799866578,13.031555838690581,4,9
2.5537024683122085,12.024390925737208,4,9
2.5577051367578387,10.979781772189398,4,9
2.5617078052034694,9.904830702711754,4,9
2.5657104736490997,8.806726434413232,4,9
2.56971314209473,7.692681237484802,4,9
2.5737158105403606,6.569868638246632,4,9
2.577718478985991,5.445362255205933,4,9
2.5817211474316215,4.326076341701718,4,9
2.5857238158772518,3.2187085862594316,4,9
2.589726484322882,2.1296856941757363,4,9
2.5937291527685127,1.0651122414666396,4,9
2.597731821214143,0.030723255497495952,4,9
2.6017344896597736,-0.9681590641943558,4,9
2.605737158105404,-1.9266641157243853,4,9
2.609739826551034,-2.840406833602524,4,9
2.613742494996665,-3.705516524648366,4,9
2.617745163442295,-4.518660381387695,4,9
2.6217478318879257,-5.27706150681154,4,9
2.625750500333556,-5.9785113389447675,4,9
2.629753168779186,-6.621376418707135,4,9
2.633755837224817,-7.204599499509751,4,9
2.637758505670447,-7.727695051412401,4,9
2.641761174116078,-8.190739265958337,4,9
2.645763842561708,-8.594354719516291,4,9
2.6497665110073383,-8.939689902640731,4,9
2.653769179452969,-9.228393870160671,4,9
2.657771847898599,-9.462586311030305,4,9
2.66177451634423,-9.644823378038534,4,9
2.66577718478986,-9.778059654943684,4,9
2.6697798532354904,-9.865606672174653,4,9
2.673782521681121,-9.91108841165538,4,9
2.6777851901267513,-9.918394266348823,4,9
2.681787858572382,-9.891629940598841,4,9
2.6857905270180122,-9.83506679313884,4,9
2.6897931954636425,-9.75309013564136,4,9
2.693795863909273,-9.650147005853793,4,9
2.6977985323549034,-9.530693935693247,4,9
2.701801200800534,-9.399145231194106,4,9
2.7058038692461643,-9.259822272989238,4,9
2.7098065376917946,-9.116904333173325,4,9
2.7138092061374253,-8.974381387098772,4,9
2.7178118745830555,-8.836009377076767,4,9
2.721814543028686,-8.705268359319616,4,9
2.7258172114743164,-8.585323936022702,4,9
2.7298198799199467,-8.478992341521083,4,9
2.7338225483655774,-8.388709515282665,4,9
2.7378252168112076,-8.316504455444521,4,9
2.7418278852568383,-8.263977105018704,4,9
2.7458305537024685,-8.232280979159505,4,9
2.7498332221480988,-8.22211069638254,4,9
2.7538358905937295,-8.233694529759145,4,9
2.7578385590393597,-8.266792046283008,4,9
2.7618412274849904,-8.32069685423848,4,9
2.7658438959306206,-8.394244429906319,4,9
2.769846564376251,-8.485824946744009,4,9
2.7738492328218816,-8.593400982686703,4,9
2.777851901267512,-8.714529934843013,4,9
2.7818545697131425,-8.846390926005341,4,9
2.7858572381587727,-8.985815944446873,4,9
2.789859906604403,-9.129324917810129,4,9
2.7938625750500337,-9.273164383860252,4,9
2.797865243495664,-9.413349385816925,4,9
2.8018679119412946,-9.545708188205253,4,9
2.805870580386925,-9.665929380962984,4,9
2.809873248832555,-9.769610915175377,4,9
2.8138759172781858,-9.85231059350266,4,9
2.817878585723816,-9.909597522323997,4,9
2.8218812541694467,-9.937104021007045,4,9
2.825883922615077,-9.930577476654516,4,9
2.829886591060707,-9.885931630272113,4,9
2.833889259506338,-9.79929678260006,4,9
2.837891927951968,-9.66706841486931,4,9
2.841894596397599,-9.485953731459677,4,9
2.845897264843229,-9.253015647787075,4,9
2.8498999332888593,-8.96571376762447,4,9
2.85390260173449,-8.621941919325174,4,9
2.85790527018012,-8.220061849878636,4,9
2.861907938625751,-7.75893270916762,4,9
2.865910607071381,-7.237935993951391,4,9
2.8699132755170114,-6.656995661668225,4,9
2.873915943962642,-6.016593167809451,4,9
2.8779186124082723,-5.317777226991676,4,9
2.881921280853903,-4.56216814655492,4,9
2.885923949299533,-3.7519566321214084,4,9
2.8899266177451635,-2.8898970166069047,4,9
2.893929286190794,-1.9792949172332492,4,9
2.8979319546364244,-1.0239893786477396,4,9
2.901934623082055,-0.028329613825686124,4,9
2.9059372915276853,1.0028534924849426,4,9
2.909939959973316,2.0642809009451795,4,9
2.9139426284189462,3.150263688024801,4,9
2.9179452968645765,4.2547457536582085,4,9
2.921947965310207,5.371350604127673,4,9
2.9259506337558374,6.493431805066018,4,9
2.929953302201468,7.614126659818673,4,9
2.9339559706470983,8.7264126326108,4,9
2.9379586390927286,9.823166004442673,4,9
2.9419613075383593,10.897222222728635,4,9
2.9459639759839895,11.941437383750019,4,9
2.94996664442962,12.948750270280167,4,9
2.9539693128752504,13.912244355494822,4,9
2.9579719813208807,14.82520917870564,4,9
2.9619746497665114,15.681200498655917,4,9
2.9659773182121416,16.474098636197137,4,9
2.9699799866577723,17.198164430125182,4,9
2.9739826551034025,17.848092247759002,4,9
2.977985323549033,18.419059515401337,4,9
2.9819879919946635,18.906772262953012,4,9
2.9859906604402937,19.307506211457707,4,9
2.9899933288859244,19.618142971941065,4,9
2.9939959973315546,19.83620096824432,4,9
2.997998665777185,19.959860745254943,4,9
3.0020013342228156,19.987984376551626,4,9
3.006004002668446,19.920128741531254,4,9
3.0100066711140765,19.75655250103135,4,9
3.0140093395597067,19.498216661735754,4,9
3.018012008005337,19.146778682648925,4,9
3.0220146764509677,18.704580141016674,4,9
3.026017344896598,18.174628039604,4,9
3.0300200133422286,17.5605699015505,4,9
3.034022681787859,16.866662862440013,4,9
3.038025350233489,16.097737031064366,4,9
3.0420280186791198,15.259153449977553,4,9
3.04603068712475,14.35675704366463,4,9
3.0500333555703807,13.396824995368487,4,9
3.054036024016011,12.386011042731267,4,9
3.058038692461641,11.331286226841144,4,9
3.062041360907272,10.239876668530627,4,9
3.066044029352902,9.11919897936043,4,9
3.070046697798533,7.976793942242855,4,9
3.074049366244163,6.82025911775854,4,9
3.0780520346897933,5.657181046599334,4,9
3.082054703135424,4.495067726033924,4,9
3.086057371581054,3.3412820386754962,4,9
3.090060040026685,2.2029768050768586,4,9
3.094062708472315,1.0870321178008742,4,9
3.0980653769179454,-0.000004406318882932306,4,9
3.102068045363576,-1.05197384680562,4,9
3.1060707138092063,-2.063158098572801,4,9
3.110073382254837,-3.0283273556276797,4,9
3.1140760507004672,-3.942782472375933,4,9
3.1180787191460975,-4.802391767594869,4,9
3.122081387591728,-5.603621893204035,4,9
3.1260840560373584,-6.343562451382678,4,9
3.130086724482989,-7.019944108713405,4,9
3.1340893929286193,-7.631150024184933,4,9
3.1380920613742496,-8.176220478350862,4,9
3.1420947298198802,-8.654850662943133,4,9
3.1460973982655105,-9.067381663014995,4,9
3.150100066711141,-9.41478473643495,4,9
3.1541027351567714,-9.698639067473074,4,9
3.1581054036024017,-9.921103241523827,4,9
3.1621080720480323,-10.084880755902418,4,9
3.1661107404936626,-10.193179946383376,4,9
3.1701134089392933,-10.249668769981248,4,9
3.1741160773849235,-10.258424940718058,4,9
3.1781187458305538,-10.223881966132884,4,9
3.1821214142761844,-10.150771677477842,4,9
3.1861240827218147,-10.04406388538509,4,9
3.1901267511674454,-9.908903824821195,4,9
3.1941294196130756,-9.750548077987984,4,9
3.198132088058706,-9.574299681173594,4,9
3.2021347565043365,-9.38544313118799,4,9
3.206137424949967,-9.189180008792734,4,9
3.2101400933955975,-8.990565930413842,4,9
3.2141427618412277,-8.79444952544818,4,9
3.218145430286858,-8.605414114769566,4,9
3.2221480987324886,-8.427722736832088,4,9
3.226150767178119,-8.265267131358993,4,9
3.2301534356237496,-8.121521247382395,4,9
3.23415610406938,-7.999499792832977,4,9
3.23815877251501,-7.901722287503517,4,9
3.2421614409606407,-7.830183020638652,4,9
3.246164109406271,-7.786327249298408,4,9
3.2501667778519017,-7.7710339047295305,4,9
3.254169446297532,-7.784605002019041,4,9
3.2581721147431626,-7.826761874101803,4,9
3.262174783188793,-7.896648275576234,4,9
3.266177451634423,-7.992840325595031,4,9
3.2701801200800538,-8.113363183194219,4,9
3.274182788525684,-8.25571427365473,4,9
3.2781854569713147,-8.416892811695048,4,9
3.282188125416945,-8.593435297286717,4,9
3.286190793862575,-8.781456593454479,4,9
3.290193462308206,-8.976696133310657,4,9
3.294196130753836,-9.174568746478887,4,9
3.298198799199467,-9.370219543621339,4,9
3.302201467645097,-9.558582252570057,4,9
3.3062041360907273,-9.734440361082873,4,9
3.310206804536358,-9.892490389919548,4,9
3.314209472981988,-10.027406596111472,4,9
3.318212141427619,-10.13390639023693,4,9
3.322214809873249,-10.206815743381473,4,9
3.3262174783188794,-10.241133859343378,4,9
3.33022014676451,-10.232096395521408,4,9
3.3342228152101403,-10.175236531700083,4,9
3.338225483655771,-10.066443209429696,4,9
3.3422281521014012,-9.902015895611425,4,9
3.3462308205470315,-9.678715261877462,4,9
3.350233488992662,-9.39380921596419,4,9
3.3542361574382924,-9.045113771998404,4,9
3.358238825883923,-8.631028302870826,4,9
3.3622414943295533,-8.150564779019268,4,9
3.3662441627751836,-7.603370663285706,4,9
3.3702468312208143,-6.989745200316791,4,9
3.3742494996664445,-6.310648910462697,4,9
3.378252168112075,-5.567706171498984,4,9
3.3822548365577054,-4.763200845932669,4,9
3.3862575050033357,-3.9000649863216497,4,9
3.3902601734489664,-2.9818607251252023,4,9
3.3942628418945966,-2.0127555282837464,4,9
3.3982655103402273,-0.9974910622138429,4,9
3.4022681787858575,0.05865400856279541,4,9
3.4062708472314878,1.1499069121000314,4,9
3.4102735156771184,2.2700489074790227,4,9
3.4142761841227487,3.4124681760127578,4,9
3.4182788525683794,4.570216921264241,4,9
3.4222815210140096,5.736072091075493,4,9
3.42628418945964,6.902599098445718,4,9
3.4302868579052705,8.062217888571283,4,9
3.434289526350901,9.207270676970268,4,9
3.4382921947965315,10.330090668536997,4,9
3.4422948632421617,11.42307105972166,4,9
3.446297531687792,12.478733625848754,4,9
3.4503002001334226,13.489796202798681,4,9
3.454302868579053,14.44923838676799,4,9
3.4583055370246836,15.350364797365975,4,9
3.462308205470314,16.186865277609968,4,9
3.466310873915944,16.952871439100676,4,9
3.4703135423615747,17.643009001343135,4,9
3.474316210807205,18.252445420360505,4,9
3.4783188792528357,18.776932352869544,4,9
3.482321547698466,19.21284255775806,4,9
3.486324216144096,19.557200895802396,4,9
3.490326884589727,19.807709150805962,4,9
3.494329553035357,19.96276445995033,4,9
3.4983322214809878,20.02147120741069,4,9
3.502334889926618,19.983646302481432,4,9
3.5063375583722483,19.849817830868194,4,9
3.510340226817879,19.621217134712115,4,9
3.514342895263509,19.299764442627072,4,9
3.51834556370914,18.88804823486982,4,9
3.52234823215477,18.389298590084042,4,9
3.5263509006004004,17.807354818244754,4,9
3.530353569046031,17.146627738916436,4,9
3.5343562374916613,16.412057014197423,4,9
3.538358905937292,15.609063991287533,4,9
3.542361574382922,14.743500550076263,4,9
3.5463642428285524,13.82159448613845,4,9
3.550366911274183,12.849891988771828,4,9
3.5543695797198134,11.835197796969995,4,9
3.558372248165444,10.78451363334866,4,9
3.5623749166110743,9.704975526938624,4,9
3.5663775850567045,8.603790640385652,4,9
3.5703802535023352,7.488174215515244,4,9
3.5743829219479655,6.365287243509178,4,9
3.578385590393596,5.242175452277608,4,9
3.5823882588392264,4.125710184217894,4,9
3.5863909272848566,3.022531712690384,4,9
3.5903935957304873,1.9389955155636704,4,9
3.5943962641761176,0.8811219894372102,4,9
3.5983989326217483,-0.14544995093211283,4,9
3.6024016010673785,-1.1355049864395474,4,9
3.606404269513009,-2.084288865501228,4,9
3.6104069379586394,-2.9875409280747247,4,9
3.6144096064042697,-3.841521427577522,4,9
3.6184122748499004,-4.643033449920996,4,9
3.6224149432955306,-5.38943928363998,4,9
3.6264176117411613,-6.078671150584927,4,9
3.6304202801867915,-6.709236262309908,4,9
3.6344229486324218,-7.280216222605078,4,9
3.6384256170780525,-7.791260851043052,4,9
3.6424282855236827,-8.242576555445925,4,9
3.6464309539693134,-8.634909432336082,4,9
3.6504336224149436,-8.969523323255437,4,9
3.654436290860574,-9.248173100902468,4,9
3.6584389593062046,-9.47307350194256,4,9
3.662441627751835,-9.646863862748193,4,9
3.6664442961974655,-9.772569149898224,4,9
3.6704469646430957,-9.853557708737736,4,9
3.674449633088726,-9.893496180439481,4,9
3.6784523015343566,-9.896302060623768,4,9
3.682454969979987,-9.866094390543811,4,9
3.6864576384256176,-9.807143085026429,4,9
3.690460306871248,-9.723817409718631,4,9
3.694462975316878,-9.620534123716714,4,9
3.6984656437625087,-9.50170580237703,4,9
3.702468312208139,-9.371689849097914,4,9
3.7064709806537697,-9.234738694232068,4,9
3.7104736490994,-9.094951664188454,4,9
3.71447631754503,-8.956228984395056,4,9
3.718478985990661,-8.822228356340672,4,9
3.722481654436291,-8.696324521640095,4,9
3.7264843228819218,-8.581572195253681,4,9
3.730486991327552,-8.480672715939773,4,9
3.7344896597731823,-8.395944725051187,4,9
3.738492328218813,-8.329299145252257,4,9
3.742494996664443,-8.282218688987543,4,9
3.746497665110074,-8.255742082955317,4,9
3.750500333555704,-8.250453149810765,4,9
3.7545030020013344,-8.266474842238894,4,9
3.758505670446965,-8.303468277791868,4,9
3.7625083388925953,-8.360636775878602,4,9
3.766511007338226,-8.436734851423301,4,9
3.770513675783856,-8.530082073367884,4,9
3.7745163442294865,-8.63858165076742,4,9
3.778519012675117,-8.759743565096139,4,9
3.7825216811207474,-8.890712024910087,4,9
3.786524349566378,-9.028296978553636,4,9
3.7905270180120083,-9.169009382485559,4,9
3.7945296864576386,-9.309099887355895,4,9
3.7985323549032692,-9.444600571481214,4,9
3.8025350233488995,-9.571369322119688,4,9
3.80653769179453,-9.685136439187755,4,9
3.8105403602401604,-9.781553014009747,4,9
3.8145430286857906,-9.856240617548941,4,9
3.8185456971314213,-9.904841818496791,4,9
3.8225483655770516,-9.9230710417354,4,9
3.8265510340226823,-9.90676527213958,4,9
3.8305537024683125,-9.85193410751949,4,9
3.8345563709139427,-9.754808667763525,4,9
3.8385590393595734,-9.611888874923002,4,9
3.8425617078052037,-9.41998863105711,4,9
3.8465643762508344,-9.176278437057569,4,9
3.8505670446964646,-8.878325016298787,4,9
3.854569713142095,-8.524127531667968,4,9
3.8585723815877255,-8.112150013152487,4,9
3.8625750500333558,-7.641349645486503,4,9
3.8665777184789865,-7.111200601146278,4,9
3.8705803869246167,-6.521713142962014,4,9
3.874583055370247,-5.873447762471069,4,9
3.8785857238158776,-5.167524164550234,4,9
3.882588392261508,-4.405624955459691,4,9
3.8865910607071386,-3.589993939829244,4,9
3.890593729152769,-2.723428981909892,4,9
3.894596397598399,-1.8092694371624716,4,9
3.8985990660440297,-0.8513782115296882,4,9
3.90260173448966,0.14588144293510538,4,9
3.9066044029352907,1.1776742364876682,4,9
3.910607071380921,2.238726044523074,4,9
3.914609739826551,3.3233617464994416,4,9
3.918612408272182,4.42554739577573,4,9
3.922615076717812,5.53893637062246,4,9
3.9266177451634428,6.65691911484334,4,9
3.930620413609073,7.772676037800156,4,9
3.9346230820547037,8.879233108594049,4,9
3.938625750500334,9.96951964808745,4,9
3.942628418945964,11.036427795741545,4,9
3.946631087391595,12.072873106190961,4,9
3.950633755837225,13.071855713391674,4,9
3.9546364242828558,14.026521488291191,4,9
3.958639092728486,14.930222609480255,4,9
3.9626417611741163,15.77657696535837,4,9
3.966644429619747,16.559525811056428,4,9
3.970647098065377,17.273389113777142,4,9
3.974649766511008,17.912918036310582,4,9
3.978652434956638,18.473344030192887,4,9
3.9826551034022684,18.95042403718403,4,9
3.986657771847899,19.340481330244426,4,9
3.9906604402935293,19.640441562765332,4,9
3.99466310873916,19.847863637144002,4,9
3.99866577718479,19.960965050542654,4,9
4.0026684456304205,19.978641426427895,4,9
4.006671114076051,19.900479994793713,4,9
4.010673782521682,19.726766841332946,4,9
4.014676450967312,19.458487805694055,4,9
4.018679119412942,19.09732297076613,4,9
4.0226817878585726,18.64563474806953,4,9
4.026684456304203,18.10644962815504,4,9
4.030687124749834,17.48343372878399,4,9
4.034689793195464,16.780862336910676,4,9
4.038692461641094,16.003583702443834,4,9
4.042695130086725,15.156977401773963,4,9
4.046697798532355,14.246907646440937,4,9
4.050700466977986,13.279671966463617,4,9
4.054703135423616,12.261945748134828,4,9
4.0587058038692465,11.200723151915195,4,9
4.062708472314877,10.103254976913567,4,9
4.066711140760507,8.976984073794043,4,9
4.070713809206138,7.829478937382001,4,9
4.074716477651768,6.668366133350638,4,9
4.078719146097399,5.501262229830526,4,9
4.082721814543029,4.33570591436033,4,9
4.086724482988659,3.1790909790723263,4,9
4.09072715143429,2.038600852304657,4,9
4.0947298198799205,0.9211453429045915,4,9
4.098732488325551,-0.16669975561887673,4,9
4.102735156771181,-1.218749580068859,4,9
4.106737825216811,-2.229263043623892,4,9
4.110740493662442,-3.192991064472974,4,9
4.114743162108073,-4.105219674212197,4,9
4.118745830553703,-4.9618075546493206,4,9
4.122748498999333,-5.759217608345591,4,9
4.126751167444963,-6.494542229588482,4,9
4.130753835890594,-7.165522007878094,4,9
4.134756504336225,-7.77055766475671,4,9
4.138759172781855,-8.30871509618606,4,9
4.142761841227485,-8.779723465903965,4,9
4.146764509673115,-9.183966369495433,4,9
4.1507671781187465,-9.522466163460047,4,9
4.154769846564377,-9.796861627534657,4,9
4.158772515010007,-10.009379201107466,4,9
4.162775183455637,-10.162798104914868,4,9
4.1667778519012675,-10.260409726552169,4,9
4.170780520346899,-10.30597171187257,4,9
4.174783188792529,-10.303657263362709,4,9
4.178785857238159,-10.258000200375285,4,9
4.182788525683789,-10.173836384030285,4,9
4.18679119412942,-10.056242151092793,4,9
4.190793862575051,-9.910470435688097,4,9
4.194796531020681,-9.74188528489484,4,9
4.198799199466311,-9.555895493711917,4,9
4.202801867911941,-9.357888096365835,4,9
4.206804536357572,-9.153162454232225,4,9
4.210807204803203,-8.946865675713259,4,9
4.214809873248833,-8.743930090251487,4,9
4.218812541694463,-8.5490134773783,4,9
4.2228152101400935,-8.366442722497107,4,9
4.226817878585724,-8.200161534276736,4,9
4.230820547031355,-8.053682814468639,4,9
4.234823215476985,-7.930046220129154,4,9
4.238825883922615,-7.831781401174953,4,9
4.242828552368246,-7.760877333553572,4,9
4.246831220813876,-7.718758100759063,4,9
4.250833889259507,-7.706265404721376,4,9
4.254836557705137,-7.723648012046923,4,9
4.2588392261507675,-7.770558264032897,4,9
4.262841894596398,-7.84605569969549,4,9
4.266844563042028,-7.948617761140505,4,9
4.270847231487659,-8.07615747087412,4,9
4.274849899933289,-8.22604789201119,4,9
4.27885256837892,-8.395153105689973,4,9
4.28285523682455,-8.579865366221858,4,9
4.28685790527018,-8.776148024444119,4,9
4.290860573715811,-8.979583744205675,4,9
4.294863242161441,-9.185427476657493,4,9
4.298865910607072,-9.388663602735617,4,9
4.302868579052702,-9.584066606540626,4,9
4.306871247498332,-9.766264601785847,4,9
4.310873915943963,-9.929805000573841,4,9
4.3148765843895935,-10.069221588846178,4,9
4.318879252835224,-10.17910225622446,4,9
4.322881921280854,-10.254156619807608,4,9
4.326884589726484,-10.289282781909003,4,9
4.330887258172115,-10.279632470694136,4,9
4.334889926617746,-10.220673830112757,4,9
4.338892595063376,-10.108251151201198,4,9
4.342895263509006,-9.938640870460926,4,9
4.346897931954636,-9.708603202206044,4,9
4.3509006004002675,-9.415428820035208,4,9
4.354903268845898,-9.056980057361514,4,9
4.358905937291528,-8.631726157590268,4,9
4.362908605737158,-8.138772170371103,4,9
4.3669112741827885,-7.5778811605995475,4,9
4.37091394262842,-6.949489470701551,4,9
4.37491661107405,-6.254714853349075,4,9
4.37891927951968,-5.495357370244905,4,9
4.38292194796531,-4.673893032093185,4,9
4.386924616410941,-3.793460234417539,4,9
4.390927284856572,-2.8578391226139988,4,9
4.394929953302202,-1.8714240966340663,4,9
4.398932621747832,-0.8391897401153158,4,9
4.402935290193462,0.23334947020225366,4,9
4.406937958639093,1.3401852521283402,4,9
4.410940627084724,2.4748669182145417,4,9
4.414943295530354,3.6305575476868466,4,9
4.418945963975984,4.800094339267051,4,9
4.4229486324216145,5.976052510709156,4,9
4.426951300867245,7.150812074764423,4,9
4.430953969312876,8.31662679271637,4,9
4.434956637758506,9.465694585888459,4,9
4.438959306204136,10.590228672801572,4,9
4.442961974649767,11.682528695016076,4,9
4.446964643095398,12.73505109815899,4,9
4.450967311541028,13.740478046078028,4,9
4.454969979986658,14.691784165320543,4,9
4.4589726484322885,15.582300443900875,4,9
4.462975316877919,16.40577464226434,4,9
4.46697798532355,17.156427615010628,4,9
4.47098065376918,17.829004988809693,4,9
4.47498332221481,18.418823694448214,4,9
4.478985990660441,18.921812908436017,4,9
4.482988659106071,19.33454902141341,4,9
4.486991327551702,19.654284315982608,4,9
4.490993995997332,19.878969104791807,4,9
4.494996664442962,20.007267149942084,4,9
4.498999332888593,20.038564256260834,4,9
4.503002001334223,19.972970002900958,4,9
4.507004669779854,19.811312649272388,4,9
4.511007338225484,19.5551273217196,4,9
4.5150100066711145,19.20663765585951,4,9
4.519012675116745,18.768731135367148,4,9
4.523015343562375,18.244928430548697,4,9
4.527018012008006,17.639347098637444,4,9
4.531020680453636,16.956660061800807,4,9
4.535023348899267,16.2020493278242,4,9
4.539026017344897,15.381155461893231,4,9
4.543028685790527,14.50002335541699,4,9
4.547031354236158,13.565044869122541,4,9
4.5510340226817885,12.582898952448899,4,9
4.555036691127419,11.560489859407609,4,9
4.559039359573049,10.504884092482298,4,9
4.563042028018679,9.423246710770204,4,9
4.56704469646431,8.322777636512233,4,9
4.571047364909941,7.210648585532362,4,9
4.575050033355571,6.093941232114917,4,9
4.579052701801201,4.979587197778196,4,9
4.583055370246831,3.8743104265551787,4,9
4.587058038692462,2.7845724771856375,4,9
4.591060707138093,1.716521225479051,4,9
4.595063375583723,0.6759434285073892,4,9
4.599066044029353,-0.33177844322995886,4,9
4.603068712474983,-1.301704748436595,4,9
4.6070713809206145,-2.2293722869101447,4,9
4.611074049366245,-3.110822729068206,4,9
4.615076717811875,-3.9426256669996866,4,9
4.619079386257505,-4.721896147434028,4,9
4.6230820547031355,-5.446306603931002,4,9
4.627084723148767,-6.11409316229563,4,9
4.631087391594397,-6.724056349156322,4,9
4.635090060040027,-7.275556288256331,4,9
4.639092728485657,-7.768502521763174,4,9
4.643095396931288,-8.203338644327394,4,9
4.647098065376919,-8.58102198524686,4,9
4.651100733822549,-8.902998618517357,4,9
4.655103402268179,-9.171174021403152,4,9
4.6591060707138094,-9.387879739117007,4,9
4.66310873915944,-9.555836445995961,4,9
4.667111407605071,-9.678113821964695,4,9
4.671114076050701,-9.758087686928235,4,9
4.675116744496331,-9.799394854906785,4,9
4.6791194129419615,-9.805886184146487,4,9
4.683122081387592,-9.781578309091318,4,9
4.687124749833223,-9.730604545005297,4,9
4.691127418278853,-9.657165456263748,4,9
4.695130086724483,-9.565479574998687,4,9
4.699132755170114,-9.459734748038933,4,9
4.703135423615744,-9.34404057711997,4,9
4.707138092061375,-9.222382400371357,4,9
4.711140760507005,-9.09857724237358,4,9
4.7151434289526355,-8.976232135885589,4,9
4.719146097398266,-8.858705190978723,4,9
4.723148765843896,-8.749069757085467,4,9
4.727151434289527,-8.650081990713934,4,9
4.731154102735157,-8.56415210662953,4,9
4.735156771180788,-8.493319553510204,4,9
4.739159439626418,-8.4392323167918,4,9
4.743162108072048,-8.403130511981894,4,9
4.747164776517679,-8.385834391484249,4,9
4.7511674449633094,-8.387736847279283,4,9
4.75517011340894,-8.4088004509832,4,9
4.75917278185457,-8.44855903218167,4,9
4.7631754503002,-8.5061237558129,4,9
4.767178118745831,-8.5801936200572,4,9
4.7711807871914615,-8.66907025795623,4,9
4.775183455637092,-8.770676889101715,4,9
4.779186124082722,-8.88258123244762,4,9
4.783188792528352,-9.002022157845268,4,9
4.787191460973983,-9.125939822488709,4,9
4.791194129419614,-9.251009009285683,4,9
4.795196797865244,-9.373675357415037,4,9
4.799199466310874,-9.490194151152338,4,9
4.803202134756504,-9.596671311588942,4,9
4.8072048032021355,-9.6891062172549,4,9
4.811207471647766,-9.76343596399532,4,9
4.815210140093396,-9.815580661832037,4,9
4.819212808539026,-9.841489357040977,4,9
4.8232154769846565,-9.837186161351424,4,9
4.827218145430288,-9.798816167064198,4,9
4.831220813875918,-9.72269072701952,4,9
4.835223482321548,-9.605331681729226,4,9
4.839226150767178,-9.443514122616104,4,9
4.843228819212809,-9.234307290149301,4,9
4.84723148765844,-8.97511321868957,4,9
4.85123415610407,-8.663702756002769,4,9
4.8552368245497,-8.298248604586435,4,9
4.85923949299533,-7.877355054093134,4,9
4.863242161440961,-7.4000840991049825,4,9
4.867244829886592,-6.865977664191687,4,9
4.871247498332222,-6.2750756884133265,4,9
4.875250166777852,-5.627929854035543,4,9
4.8792528352234825,-4.925612779025917,4,9
4.883255503669113,-4.169722529668159,4,9
4.887258172114744,-3.3623823481483313,4,9
4.891260840560374,-2.5062355299715513,4,9
4.895263509006004,-1.6044354272851076,4,9
4.899266177451635,-0.660630596335395,4,9
4.903268845897265,0.32105484996016104,4,9
4.907271514342896,1.336045580293163,4,9
4.911274182788526,2.379343927068781,4,9
4.9152768512341565,3.44556312272692,4,9
4.919279519679787,4.528964658853025,4,9
4.923282188125417,5.623499495998744,4,9
4.927284856571048,6.722852812995686,4,9
4.931287525016678,7.820491947323343,4,9
4.935290193462309,8.909717143167416,4,9
4.939292861907939,9.983714691531983,4,9
4.943295530353569,11.035612017547157,4,9
4.9472981987992,12.058534244263699,4,9
4.95130086724483,13.045661740102789,4,9
4.955303535690461,13.990288139043887,4,9
4.959306204136091,14.885878308857729,4,9
4.963308872581721,15.72612573350842,4,9
4.967311541027352,16.505008771451198,4,9
4.9713142094729825,17.21684525213971,4,9
4.975316877918613,17.856344878766038,4,9
4.979319546364243,18.41865891616701,4,9
4.983322214809873,18.899426659006515,4,9
4.987324883255504,19.294818196753152,4,9
4.991327551701135,19.601573018565865,4,9
4.995330220146765,19.81703403285227,4,9
4.999332888592395,19.939176612791986,4,9
5.003335557038025,19.966632320296053,4,9
5.0073382254836565,19.898707006398457,4,9
5.011340893929287,19.73539303560601,4,9
5.015343562374917,19.477375434860523,4,9
5.019346230820547,19.126031824039806,4,9
5.0233488992661774,18.683426043834192,4,9
5.027351567711809,18.152295457837607,4,9
5.031354236157439,17.5360319681974,4,9
5.035356904603069,16.838656847548716,4,9
5.039359573048699,16.064789553577654,4,9
5.0433622414943295,15.219610755723247,4,9
5.047364909939961,14.308819865571754,4,9
5.051367578385591,13.338587422714442,4,9
5.055370246831221,12.31550274553802,4,9
5.059372915276851,11.246517310927066,4,9
5.063375583722482,10.138884377490493,4,9
5.067378252168113,9.00009541306527,4,9
5.071380920613743,7.837813928280971,4,9
5.075383589059373,6.659807353324921,4,9
5.0793862575050035,5.473877624238565,4,9
5.083388925950634,4.2877911676153895,4,9
5.087391594396265,3.1092089881048346,4,9
5.091394262841895,1.9456175713181534,4,9
5.095396931287525,0.8042613153437094,4,9
5.099399599733156,-0.3079228030289345,4,9
5.103402268178786,-1.384367636205627,4,9
5.107404936624417,-2.4189346793362403,4,9
5.111407605070047,-3.405968651429198,4,9
5.1154102735156775,-4.340347243811442,4,9
5.119412941961308,-5.217525480748313,4,9
5.123415610406939,-6.033574188894007,4,9
5.127418278852569,-6.7852121304153865,4,9
5.131420947298199,-7.469831418597737,4,9
5.1354236157438296,-8.085515903840703,4,9
5.13942628418946,-8.631052291510052,4,9
5.143428952635091,-9.105933830330216,4,9
5.147431621080721,-9.510356490071844,4,9
5.151434289526351,-9.845207629327856,4,9
5.155436957971982,-10.112047237257949,4,9
5.159439626417612,-10.31308191638466,4,9
5.163442294863243,-10.451131855868898,4,9
5.167444963308873,-10.52959112522011,4,9
5.1714476317545035,-10.552381696141701,4,9
5.175450300200134,-10.523901674229855,4,9
5.179452968645764,-10.448968291621846,4,9
5.183455637091395,-10.332756275551356,4,9
5.187458305537025,-10.180732265294118,4,9
5.191460973982656,-9.998586000417806,4,9
5.195463642428286,-9.79215904590499,4,9
5.199466310873916,-9.56737185399174,4,9
5.203468979319547,-9.330149987954718,4,9
5.2074716477651775,-9.086350349173662,4,9
5.211474316210808,-8.841688255293219,4,9
5.215476984656438,-8.601666214021472,4,9
5.219479653102068,-8.371505223950077,4,9
5.223482321547699,-8.156079410814144,4,9
5.22748498999333,-7.959854774987096,4,9
5.23148765843896,-7.786832784007792,4,9
5.23549032688459,-7.640499492967888,4,9
5.23949299533022,-7.523780816151187,4,9
5.243495663775851,-7.439004506041621,4,9
5.247498332221482,-7.387869321420745,4,9
5.251501000667112,-7.371421785578683,4,9
5.255503669112742,-7.390040849567426,4,9
5.259506337558372,-7.443430684909848,4,9
5.2635090060040035,-7.530621736284947,4,9
5.267511674449634,-7.649980068533679,4,9
5.271514342895264,-7.799224945003466,4,9
5.275517011340894,-7.97545447693001,4,9
5.2795196797865245,-8.175179087413545,4,9
5.283522348232156,-8.394362439746159,4,9
5.287525016677786,-8.628469389535868,4,9
5.291527685123416,-8.872520434367733,4,9
5.295530353569046,-9.121152054705945,4,9
5.299533022014677,-9.368682266387998,4,9
5.303535690460308,-9.60918063931956,4,9
5.307538358905938,-9.836541979698456,4,9
5.311541027351568,-10.044562825029464,4,9
5.315543695797198,-10.227019862975686,4,9
5.319546364242829,-10.377749357263346,4,9
5.32354903268846,-10.490726646807765,4,9
5.32755170113409,-10.560144778239428,4,9
5.33155436957972,-10.580491337215125,4,9
5.3355570380253505,-10.546622560302865,4,9
5.339559706470981,-10.45383383669524,4,9
5.343562374916612,-10.297925747259086,4,9
5.347565043362242,-10.075264837063084,4,9
5.351567711807872,-9.78283837599889,4,9
5.355570380253503,-9.418302429765768,4,9
5.359573048699133,-8.980022639539246,4,9
5.363575717144764,-8.46710719220736,4,9
5.367578385590394,-7.879431553147557,4,9
5.3715810540360245,-7.217654629059636,4,9
5.375583722481655,-6.483226128232499,4,9
5.379586390927285,-5.678384988590187,4,9
5.383589059372916,-4.806148848704684,4,9
5.387591727818546,-3.870294642400858,4,9
5.391594396264177,-2.875330502324119,4,9
5.395597064709807,-1.826459260630509,4,9
5.399599733155437,-0.7295339345065676,4,9
5.403602401601068,0.40899432066607566,4,9
5.407605070046698,1.5821352182048205,4,9
5.411607738492329,2.782424652034509,4,9
5.415610406937959,4.001995583555181,4,9
5.419613075383589,5.232653707103554,4,9
5.42361574382922,6.465957040823074,4,9
5.4276184122748505,7.6932985431557075,4,9
5.431621080720481,8.905990819364686,4,9
5.435623749166111,10.095351957919602,4,9
5.439626417611741,11.252791523562776,4,9
5.443629086057372,12.369895732559653,4,9
5.447631754503003,13.438510846053255,4,9
5.451634422948633,14.450823839463284,4,9
5.455637091394263,15.39943943920134,4,9
5.459639759839893,16.277452662229845,4,9
5.4636424282855245,17.078516048589183,4,9
5.467645096731155,17.796900841291542,4,9
5.471647765176785,18.427551441125136,4,9
5.475650433622415,18.96613254500082,4,9
5.4796531020680455,19.4090684645127,4,9
5.483655770513677,19.753574215252588,4,9
5.487658438959307,19.997678065956055,4,9
5.491661107404937,20.1402353385322,4,9
5.495663775850567,20.18093335416336,4,9
5.4996664442961976,20.12028752566706,4,9
5.503669112741829,19.959628700876348,4,9
5.507671781187459,19.701081964624905,4,9
5.511674449633089,19.34753720674279,4,9
5.515677118078719,18.90261185905179,4,9
5.51967978652435,18.37060629451342,4,9
5.523682454969981,17.756452465332167,4,9
5.527685123415611,17.065656432930908,4,9
5.531687791861241,16.304235510372997,4,9
5.5356904603068715,15.478650796209736,4,9
5.539693128752502,14.595735927179229,4,9
5.543695797198133,13.662622915129184,4,9
5.547698465643763,12.686665960554006,4,9
5.551701134089393,11.675364150938666,4,9
5.555703802535024,10.636283956570175,4,9
5.559706470980654,9.576982429593958,4,9
5.563709139426285,8.504931994037351,4,9
5.567711807871915,7.42744768557769,4,9
5.5717144763175455,6.351617660431467,4,9
5.575717144763176,5.284237743469638,4,9
5.579719813208806,4.231750727184094,4,9
5.583722481654437,3.2001910662770667,4,9
5.587725150100067,2.195135538311985,4,9
5.591727818545698,1.2216603600521287,4,9
5.595730486991328,0.2843051629199523,4,9
5.599733155436958,-0.6129558594512399,4,9
5.603735823882589,-1.4667354121082365,4,9
5.607738492328219,-2.274247043994253,4,9
5.61174116077385,-3.0333115493180354,4,9
5.61574382921948,-3.7423558921920375,4,9
5.61974649766511,-4.4004048150872555,4,9
5.623749166110741,-5.007065382011288,4,9
5.6277518345563715,-5.562504793472515,4,9
5.631754503002002,-6.067421891165002,4,9
5.635757171447632,-6.523012844879674,4,9
5.639759839893262,-6.930931581520862,4,9
5.643762508338893,-7.293245575450328,4,9
5.647765176784524,-7.6123876700025415,4,9
5.651767845230154,-7.891104641328938,4,9
5.655770513675784,-8.132403247273972,4,9
5.659773182121414,-8.33949452544772,4,9
5.6637758505670455,-8.515737115840086,4,9
5.667778519012676,-8.66458038417576,4,9
5.671781187458306,-8.789508112821832,4,9
5.675783855903936,-8.893983506650061,4,9
5.679786524349566,-8.981396232180831,4,9
5.683789192795198,-9.055012170069658,4,9
5.687791861240828,-9.117926514139668,4,9
5.691794529686458,-9.173020795420934,4,9
5.695797198132088,-9.222924347836097,4,9
5.6997998665777185,-9.2699806641661,4,9
5.70380253502335,-9.316219017710877,4,9
5.70780520346898,-9.363331647658155,4,9
5.71180787191461,-9.4126567256697,4,9
5.71581054036024,-9.465167238701156,4,9
5.719813208805871,-9.521465839717324,4,9
5.723815877251502,-9.581785634883339,4,9
5.727818545697132,-9.6459967941213,4,9
5.731821214142762,-9.713618792712866,4,9
5.7358238825883925,-9.783838015948518,4,9
5.739826551034023,-9.855530387666478,4,9
5.743829219479654,-9.92728861780817,4,9
5.747831887925284,-9.99745360468524,4,9
5.751834556370914,-10.064149475251783,4,9
5.755837224816545,-10.125321701950226,4,9
5.759839893262175,-10.178777698188162,4,9
5.763842561707806,-10.222229266623495,4,9
5.767845230153436,-10.253336255486811,4,9
5.771847898599066,-10.269750768326414,4,9
5.775850567044697,-10.26916127187063,4,9
5.779853235490327,-10.249335955088256,4,9
5.783855903935958,-10.208164709788942,4,9
5.787858572381588,-10.143699128921899,4,9
5.7918612408272185,-10.054189952668487,4,9
5.795863909272849,-9.938121433939388,4,9
5.799866577718479,-9.79424214333898,4,9
5.80386924616411,-9.621591788316671,4,9
5.80787191460974,-9.419523681277411,4,9
5.811874583055371,-9.187722555992908,4,9
5.815877251501001,-8.926217499811218,4,9
5.819879919946632,-8.635389839928962,4,9
5.823882588392262,-8.315975894369636,4,9
5.8278852568378925,-7.969064571284839,4,9
5.831887925283523,-7.596089872754535,4,9
5.835890593729153,-7.198818430399351,4,9
5.839893262174784,-6.779332268869722,4,9
5.843895930620414,-6.340007058707751,4,9
5.847898599066045,-5.883486181310885,4,9
5.851901267511675,-5.412650984958707,4,9
5.855903935957305,-4.930587661348014,4,9
5.859906604402936,-4.440551216180855,4,9
5.8639092728485664,-3.9459270445024726,4,9
5.867911941294197,-3.450190651237567,4,9
5.871914609739827,-2.9568660793841017,4,9
5.875917278185457,-2.4694836223436853,4,9
5.879919946631088,-1.9915374027852422,4,9
5.8839226150767185,-1.5264433982351129,4,9
5.887925283522349,-1.0774984833639316,4,9
5.891927951967979,-0.6478410409185411,4,9
5.895930620413609,-0.2404136677310142,4,9
5.89993328885924,0.14207153034045678,4,9
5.903935957304871,0.49716459981568845,4,9
5.907938625750501,0.8227059477048335,4,9
5.911941294196131,1.116850737046335,4,9
5.915943962641761,1.3780891654780383,4,9
5.9199466310873925,1.6052623810605142,4,9
5.923949299533023,1.7975738510658488,4,9
5.927951967978653,1.954596062942246,4,9
5.931954636424283,2.0762725012618817,4,9
5.9359573048699135,2.1629149092571303,4,9
5.939959973315545,2.215195907642036,4,9
5.943962641761175,2.2341371059227715,4,9
5.947965310206805,2.2210929014697682,4,9
5.951967978652435,2.1777302184439087,4,9
5.955970647098066,2.106004491483409,4,9
5.959973315543697,2.008132247170874,4,9
5.963975983989327,1.8865606790896328,4,9
5.967978652434957,1.7439346492013739,4,9
5.971981320880587,1.5830615788796507,4,9
5.975983989326218,1.4068747168504467,4,9
5.979986657771849,1.2183952882579552,4,9
5.983989326217479,1.0206940389237444,4,9
5.987991994663109,0.8168526915337507,4,9
5.9919946631087395,0.6099258260097874,4,9
5.99599733155437,0.4029036848300454,4,9
6,0.19867638579373,4,9
